--
-- PostgreSQL database dump
--

-- Dumped from database version 17.2
-- Dumped by pg_dump version 17.2

SET statement_timeout = 0;
SET lock_timeout = 0;
SET idle_in_transaction_session_timeout = 0;
SET transaction_timeout = 0;
SET client_encoding = 'UTF8';
SET standard_conforming_strings = on;
SELECT pg_catalog.set_config('search_path', '', false);
SET check_function_bodies = false;
SET xmloption = content;
SET client_min_messages = warning;
SET row_security = off;

SET default_tablespace = '';

SET default_table_access_method = heap;

--
-- Name: account_conveniences; Type: TABLE; Schema: public; Owner: postgres
--

CREATE TABLE public.account_conveniences (
    id bigint NOT NULL,
    name character varying(255) NOT NULL,
    price numeric(10,2) NOT NULL,
    icon character varying(100)
);


ALTER TABLE public.account_conveniences OWNER TO postgres;

--
-- Name: account_conveniences_id_seq; Type: SEQUENCE; Schema: public; Owner: postgres
--

ALTER TABLE public.account_conveniences ALTER COLUMN id ADD GENERATED BY DEFAULT AS IDENTITY (
    SEQUENCE NAME public.account_conveniences_id_seq
    START WITH 1
    INCREMENT BY 1
    NO MINVALUE
    NO MAXVALUE
    CACHE 1
);


--
-- Name: account_order; Type: TABLE; Schema: public; Owner: postgres
--

CREATE TABLE public.account_order (
    id bigint NOT NULL,
    order_number character varying(14) NOT NULL,
    check_in date NOT NULL,
    check_out date NOT NULL,
    total_price numeric(10,2) NOT NULL,
    created_at timestamp with time zone,
    deleted_at timestamp with time zone,
    creator_id bigint NOT NULL,
    room_id bigint NOT NULL,
    tariff_id bigint NOT NULL,
    wishes text,
    arrival_time time without time zone,
    receipt_file character varying(100)
);


ALTER TABLE public.account_order OWNER TO postgres;

--
-- Name: account_order_conveniences; Type: TABLE; Schema: public; Owner: postgres
--

CREATE TABLE public.account_order_conveniences (
    id bigint NOT NULL,
    order_id bigint NOT NULL,
    conveniences_id bigint NOT NULL
);


ALTER TABLE public.account_order_conveniences OWNER TO postgres;

--
-- Name: account_order_conveniences_id_seq; Type: SEQUENCE; Schema: public; Owner: postgres
--

ALTER TABLE public.account_order_conveniences ALTER COLUMN id ADD GENERATED BY DEFAULT AS IDENTITY (
    SEQUENCE NAME public.account_order_conveniences_id_seq
    START WITH 1
    INCREMENT BY 1
    NO MINVALUE
    NO MAXVALUE
    CACHE 1
);


--
-- Name: account_order_id_seq; Type: SEQUENCE; Schema: public; Owner: postgres
--

ALTER TABLE public.account_order ALTER COLUMN id ADD GENERATED BY DEFAULT AS IDENTITY (
    SEQUENCE NAME public.account_order_id_seq
    START WITH 1
    INCREMENT BY 1
    NO MINVALUE
    NO MAXVALUE
    CACHE 1
);


--
-- Name: account_profile; Type: TABLE; Schema: public; Owner: postgres
--

CREATE TABLE public.account_profile (
    id bigint NOT NULL,
    first_name character varying(255) NOT NULL,
    second_name character varying(255) NOT NULL,
    phone_number character varying NOT NULL,
    date_of_birth date,
    email character varying(255) NOT NULL,
    created_at timestamp with time zone,
    deleted_at timestamp with time zone,
    user_id integer,
    role_id bigint NOT NULL,
    is_guest boolean NOT NULL,
    email_confirmed boolean NOT NULL
);


ALTER TABLE public.account_profile OWNER TO postgres;

--
-- Name: account_profile_id_seq; Type: SEQUENCE; Schema: public; Owner: postgres
--

ALTER TABLE public.account_profile ALTER COLUMN id ADD GENERATED BY DEFAULT AS IDENTITY (
    SEQUENCE NAME public.account_profile_id_seq
    START WITH 1
    INCREMENT BY 1
    NO MINVALUE
    NO MAXVALUE
    CACHE 1
);


--
-- Name: account_role; Type: TABLE; Schema: public; Owner: postgres
--

CREATE TABLE public.account_role (
    id bigint NOT NULL,
    name character varying(50) NOT NULL,
    created_at timestamp with time zone NOT NULL,
    deleted_at timestamp with time zone
);


ALTER TABLE public.account_role OWNER TO postgres;

--
-- Name: account_role_id_seq; Type: SEQUENCE; Schema: public; Owner: postgres
--

ALTER TABLE public.account_role ALTER COLUMN id ADD GENERATED BY DEFAULT AS IDENTITY (
    SEQUENCE NAME public.account_role_id_seq
    START WITH 1
    INCREMENT BY 1
    NO MINVALUE
    NO MAXVALUE
    CACHE 1
);


--
-- Name: account_room; Type: TABLE; Schema: public; Owner: postgres
--

CREATE TABLE public.account_room (
    id bigint NOT NULL,
    number integer NOT NULL,
    room_type_id bigint NOT NULL,
    CONSTRAINT account_room_number_0dc3afca_check CHECK ((number >= 0))
);


ALTER TABLE public.account_room OWNER TO postgres;

--
-- Name: account_room_id_seq; Type: SEQUENCE; Schema: public; Owner: postgres
--

ALTER TABLE public.account_room ALTER COLUMN id ADD GENERATED BY DEFAULT AS IDENTITY (
    SEQUENCE NAME public.account_room_id_seq
    START WITH 1
    INCREMENT BY 1
    NO MINVALUE
    NO MAXVALUE
    CACHE 1
);


--
-- Name: account_roomtype; Type: TABLE; Schema: public; Owner: postgres
--

CREATE TABLE public.account_roomtype (
    id bigint NOT NULL,
    name character varying(255) NOT NULL,
    description text NOT NULL,
    capacity integer NOT NULL,
    main_image character varying(100),
    CONSTRAINT account_roomtype_capacity_check CHECK ((capacity >= 0))
);


ALTER TABLE public.account_roomtype OWNER TO postgres;

--
-- Name: account_roomtype_conveniences; Type: TABLE; Schema: public; Owner: postgres
--

CREATE TABLE public.account_roomtype_conveniences (
    id bigint NOT NULL,
    roomtype_id bigint NOT NULL,
    conveniences_id bigint NOT NULL
);


ALTER TABLE public.account_roomtype_conveniences OWNER TO postgres;

--
-- Name: account_roomtype_conveniences_id_seq; Type: SEQUENCE; Schema: public; Owner: postgres
--

ALTER TABLE public.account_roomtype_conveniences ALTER COLUMN id ADD GENERATED BY DEFAULT AS IDENTITY (
    SEQUENCE NAME public.account_roomtype_conveniences_id_seq
    START WITH 1
    INCREMENT BY 1
    NO MINVALUE
    NO MAXVALUE
    CACHE 1
);


--
-- Name: account_roomtype_id_seq; Type: SEQUENCE; Schema: public; Owner: postgres
--

ALTER TABLE public.account_roomtype ALTER COLUMN id ADD GENERATED BY DEFAULT AS IDENTITY (
    SEQUENCE NAME public.account_roomtype_id_seq
    START WITH 1
    INCREMENT BY 1
    NO MINVALUE
    NO MAXVALUE
    CACHE 1
);


--
-- Name: account_roomtypeimage; Type: TABLE; Schema: public; Owner: postgres
--

CREATE TABLE public.account_roomtypeimage (
    id bigint NOT NULL,
    image character varying(100) NOT NULL,
    room_type_id bigint NOT NULL
);


ALTER TABLE public.account_roomtypeimage OWNER TO postgres;

--
-- Name: account_roomtypeimage_id_seq; Type: SEQUENCE; Schema: public; Owner: postgres
--

ALTER TABLE public.account_roomtypeimage ALTER COLUMN id ADD GENERATED BY DEFAULT AS IDENTITY (
    SEQUENCE NAME public.account_roomtypeimage_id_seq
    START WITH 1
    INCREMENT BY 1
    NO MINVALUE
    NO MAXVALUE
    CACHE 1
);


--
-- Name: account_tariff; Type: TABLE; Schema: public; Owner: postgres
--

CREATE TABLE public.account_tariff (
    id bigint NOT NULL,
    title character varying(255) NOT NULL,
    price_per_night numeric(8,2) NOT NULL,
    includes_breakfast boolean NOT NULL,
    cancellation character varying(2000) NOT NULL,
    room_type_id bigint NOT NULL,
    bed_type character varying(255) NOT NULL
);


ALTER TABLE public.account_tariff OWNER TO postgres;

--
-- Name: account_tariff_id_seq; Type: SEQUENCE; Schema: public; Owner: postgres
--

ALTER TABLE public.account_tariff ALTER COLUMN id ADD GENERATED BY DEFAULT AS IDENTITY (
    SEQUENCE NAME public.account_tariff_id_seq
    START WITH 1
    INCREMENT BY 1
    NO MINVALUE
    NO MAXVALUE
    CACHE 1
);


--
-- Name: auth_group; Type: TABLE; Schema: public; Owner: postgres
--

CREATE TABLE public.auth_group (
    id integer NOT NULL,
    name character varying(150) NOT NULL
);


ALTER TABLE public.auth_group OWNER TO postgres;

--
-- Name: auth_group_id_seq; Type: SEQUENCE; Schema: public; Owner: postgres
--

ALTER TABLE public.auth_group ALTER COLUMN id ADD GENERATED BY DEFAULT AS IDENTITY (
    SEQUENCE NAME public.auth_group_id_seq
    START WITH 1
    INCREMENT BY 1
    NO MINVALUE
    NO MAXVALUE
    CACHE 1
);


--
-- Name: auth_group_permissions; Type: TABLE; Schema: public; Owner: postgres
--

CREATE TABLE public.auth_group_permissions (
    id bigint NOT NULL,
    group_id integer NOT NULL,
    permission_id integer NOT NULL
);


ALTER TABLE public.auth_group_permissions OWNER TO postgres;

--
-- Name: auth_group_permissions_id_seq; Type: SEQUENCE; Schema: public; Owner: postgres
--

ALTER TABLE public.auth_group_permissions ALTER COLUMN id ADD GENERATED BY DEFAULT AS IDENTITY (
    SEQUENCE NAME public.auth_group_permissions_id_seq
    START WITH 1
    INCREMENT BY 1
    NO MINVALUE
    NO MAXVALUE
    CACHE 1
);


--
-- Name: auth_permission; Type: TABLE; Schema: public; Owner: postgres
--

CREATE TABLE public.auth_permission (
    id integer NOT NULL,
    name character varying(255) NOT NULL,
    content_type_id integer NOT NULL,
    codename character varying(100) NOT NULL
);


ALTER TABLE public.auth_permission OWNER TO postgres;

--
-- Name: auth_permission_id_seq; Type: SEQUENCE; Schema: public; Owner: postgres
--

ALTER TABLE public.auth_permission ALTER COLUMN id ADD GENERATED BY DEFAULT AS IDENTITY (
    SEQUENCE NAME public.auth_permission_id_seq
    START WITH 1
    INCREMENT BY 1
    NO MINVALUE
    NO MAXVALUE
    CACHE 1
);


--
-- Name: auth_user; Type: TABLE; Schema: public; Owner: postgres
--

CREATE TABLE public.auth_user (
    id integer NOT NULL,
    password character varying(128) NOT NULL,
    last_login timestamp with time zone,
    is_superuser boolean NOT NULL,
    username character varying(150) NOT NULL,
    first_name character varying(150),
    last_name character varying(150),
    email character varying(254) NOT NULL,
    is_staff boolean NOT NULL,
    is_active boolean NOT NULL,
    date_joined timestamp with time zone NOT NULL
);


ALTER TABLE public.auth_user OWNER TO postgres;

--
-- Name: auth_user_groups; Type: TABLE; Schema: public; Owner: postgres
--

CREATE TABLE public.auth_user_groups (
    id bigint NOT NULL,
    user_id integer NOT NULL,
    group_id integer NOT NULL
);


ALTER TABLE public.auth_user_groups OWNER TO postgres;

--
-- Name: auth_user_groups_id_seq; Type: SEQUENCE; Schema: public; Owner: postgres
--

ALTER TABLE public.auth_user_groups ALTER COLUMN id ADD GENERATED BY DEFAULT AS IDENTITY (
    SEQUENCE NAME public.auth_user_groups_id_seq
    START WITH 1
    INCREMENT BY 1
    NO MINVALUE
    NO MAXVALUE
    CACHE 1
);


--
-- Name: auth_user_id_seq; Type: SEQUENCE; Schema: public; Owner: postgres
--

ALTER TABLE public.auth_user ALTER COLUMN id ADD GENERATED BY DEFAULT AS IDENTITY (
    SEQUENCE NAME public.auth_user_id_seq
    START WITH 1
    INCREMENT BY 1
    NO MINVALUE
    NO MAXVALUE
    CACHE 1
);


--
-- Name: auth_user_user_permissions; Type: TABLE; Schema: public; Owner: postgres
--

CREATE TABLE public.auth_user_user_permissions (
    id bigint NOT NULL,
    user_id integer NOT NULL,
    permission_id integer NOT NULL
);


ALTER TABLE public.auth_user_user_permissions OWNER TO postgres;

--
-- Name: auth_user_user_permissions_id_seq; Type: SEQUENCE; Schema: public; Owner: postgres
--

ALTER TABLE public.auth_user_user_permissions ALTER COLUMN id ADD GENERATED BY DEFAULT AS IDENTITY (
    SEQUENCE NAME public.auth_user_user_permissions_id_seq
    START WITH 1
    INCREMENT BY 1
    NO MINVALUE
    NO MAXVALUE
    CACHE 1
);


--
-- Name: django_admin_log; Type: TABLE; Schema: public; Owner: postgres
--

CREATE TABLE public.django_admin_log (
    id integer NOT NULL,
    action_time timestamp with time zone NOT NULL,
    object_id text,
    object_repr character varying(200) NOT NULL,
    action_flag smallint NOT NULL,
    change_message text NOT NULL,
    content_type_id integer,
    user_id integer NOT NULL,
    CONSTRAINT django_admin_log_action_flag_check CHECK ((action_flag >= 0))
);


ALTER TABLE public.django_admin_log OWNER TO postgres;

--
-- Name: django_admin_log_id_seq; Type: SEQUENCE; Schema: public; Owner: postgres
--

ALTER TABLE public.django_admin_log ALTER COLUMN id ADD GENERATED BY DEFAULT AS IDENTITY (
    SEQUENCE NAME public.django_admin_log_id_seq
    START WITH 1
    INCREMENT BY 1
    NO MINVALUE
    NO MAXVALUE
    CACHE 1
);


--
-- Name: django_content_type; Type: TABLE; Schema: public; Owner: postgres
--

CREATE TABLE public.django_content_type (
    id integer NOT NULL,
    app_label character varying(100) NOT NULL,
    model character varying(100) NOT NULL
);


ALTER TABLE public.django_content_type OWNER TO postgres;

--
-- Name: django_content_type_id_seq; Type: SEQUENCE; Schema: public; Owner: postgres
--

ALTER TABLE public.django_content_type ALTER COLUMN id ADD GENERATED BY DEFAULT AS IDENTITY (
    SEQUENCE NAME public.django_content_type_id_seq
    START WITH 1
    INCREMENT BY 1
    NO MINVALUE
    NO MAXVALUE
    CACHE 1
);


--
-- Name: django_migrations; Type: TABLE; Schema: public; Owner: postgres
--

CREATE TABLE public.django_migrations (
    id bigint NOT NULL,
    app character varying(255) NOT NULL,
    name character varying(255) NOT NULL,
    applied timestamp with time zone NOT NULL
);


ALTER TABLE public.django_migrations OWNER TO postgres;

--
-- Name: django_migrations_id_seq; Type: SEQUENCE; Schema: public; Owner: postgres
--

ALTER TABLE public.django_migrations ALTER COLUMN id ADD GENERATED BY DEFAULT AS IDENTITY (
    SEQUENCE NAME public.django_migrations_id_seq
    START WITH 1
    INCREMENT BY 1
    NO MINVALUE
    NO MAXVALUE
    CACHE 1
);


--
-- Name: django_session; Type: TABLE; Schema: public; Owner: postgres
--

CREATE TABLE public.django_session (
    session_key character varying(40) NOT NULL,
    session_data text NOT NULL,
    expire_date timestamp with time zone NOT NULL
);


ALTER TABLE public.django_session OWNER TO postgres;

--
-- Data for Name: account_conveniences; Type: TABLE DATA; Schema: public; Owner: postgres
--

COPY public.account_conveniences (id, name, price, icon) FROM stdin;
57	WI-FI	0.00	fa fa-wifi
58	Кондиционер	0.00	fa fa-snowflake
59	Мини-бар	500.00	fa fa-glass-martini
60	Собственная ванная комната	0.00	fa fa-bath
61	Красивый вид	0.00	fa fa-image
62	Сейф	0.00	fa fa-lock
63	Домашние животные разрешены	0.00	fa fa-paw
64	Доступ в тренажерный зал	0.00	fa fa-dumbbell
65	Телевизор	0.00	fa fa-tv
66	Туалетные принадлежности	0.00	fa fa-toilet-paper
67	Душ	0.00	fa fa-shower
68	Фен	0.00	fa fa-wind
69	Постельное бельё	0.00	fa fa-bed
70	Шкаф	0.00	fa fa-archive
71	Чайник или кофеварка	0.00	fa fa-coffee
72	Телефон	0.00	fa fa-phone
73	Отопление	0.00	fa fa-fire
75	Письменный стол	0.00	fa fa-pencil-alt
74	Тапочки	0.00	fas fa-shoe-prints
\.


--
-- Data for Name: account_order; Type: TABLE DATA; Schema: public; Owner: postgres
--

COPY public.account_order (id, order_number, check_in, check_out, total_price, created_at, deleted_at, creator_id, room_id, tariff_id, wishes, arrival_time, receipt_file) FROM stdin;
61	F2025062600021	2025-06-27	2025-06-28	5400.00	2025-06-26 17:51:45.680609+03	\N	75	51	86	Аааа	20:55:00	receipts/receipt_F2025062600021.txt
62	F2025062700022	2025-07-01	2025-07-04	8400.00	2025-06-27 00:11:20.569905+03	\N	75	60	77	а	19:10:00	receipts/receipt_F2025062700022.txt
63	F2025062800023	2025-06-28	2025-09-30	545200.00	2025-06-28 20:00:25.493418+03	\N	75	55	83	Тихие соседи	22:00:00	receipts/receipt_F2025062800023.txt
66	F2026011000026	2025-09-30	2025-10-05	10000.00	2026-01-10 21:37:37.446739+03	\N	86	43	93		21:37:00	receipts/receipt_F2026011000026.txt
67	F2026011000025	2025-09-30	2025-10-05	10000.00	2026-01-10 22:54:38.550836+03	\N	75	42	93		\N	receipts/receipt_F2026011000025.txt
68	F2026011000026	2025-09-30	2025-10-05	14000.00	2026-01-10 22:54:48.737965+03	\N	75	45	92		22:58:00	receipts/receipt_F2026011000026.txt
69	F2026011000027	2025-09-30	2025-10-05	7500.00	2026-01-10 22:54:57.900469+03	\N	75	51	85		22:58:00	receipts/receipt_F2026011000027.txt
70	F2026011000028	2025-09-30	2025-10-05	10000.00	2026-01-10 23:04:59.48461+03	\N	75	44	93		23:06:00	receipts/receipt_F2026011000028.txt
41	F2025062500001	2025-06-25	2025-06-26	2000.00	2025-06-25 17:20:54.584603+03	\N	62	42	93	fdfdf	15:20:00	\N
42	F2025062500002	2025-06-25	2025-06-26	2500.00	2025-06-25 17:31:15.290421+03	\N	75	43	94	пожелание	20:30:00	\N
56	F2025062600016	2025-07-01	2025-07-04	6000.00	2025-06-26 17:24:52.867422+03	\N	80	43	93	а	20:20:00	receipts/receipt_F2025062600016.txt
43	F2025062500003	2025-06-25	2025-06-27	6000.00	2025-06-25 17:41:52.937318+03	\N	75	48	87	авfff	23:41:00	receipts/receipt_F2025062500003.txt
44	F2025010500001	2025-01-05	2025-01-07	3500.00	2025-01-04 12:00:00+03	\N	75	43	94	Тихий номер	14:00:00	\N
45	F2025011500002	2025-01-15	2025-01-16	1800.00	2025-01-14 16:30:00+03	\N	75	44	94		16:00:00	\N
46	F2025020500003	2025-02-05	2025-02-06	2500.00	2025-02-04 15:00:00+03	\N	75	45	94	Хочу с балконом	13:00:00	\N
47	F2025040200004	2025-04-02	2025-04-04	4000.00	2025-04-01 10:45:00+03	\N	75	46	94	Поздний выезд	18:00:00	\N
48	F2025042500005	2025-04-25	2025-04-27	5000.00	2025-04-24 11:20:00+03	\N	75	47	94		12:30:00	\N
49	F2025051200006	2025-05-12	2025-05-13	2200.00	2025-05-11 09:00:00+03	\N	75	43	94		15:00:00	\N
50	F2025052800007	2025-05-28	2025-05-30	6000.00	2025-05-27 17:00:00+03	\N	75	44	94		20:00:00	\N
51	F2025060100008	2025-06-01	2025-06-02	1800.00	2025-05-31 15:45:00+03	\N	75	45	94		14:30:00	\N
52	F2025061500009	2025-06-15	2025-06-16	3000.00	2025-06-14 12:10:00+03	\N	75	46	94		16:20:00	\N
53	F2025062000010	2025-06-20	2025-06-21	3200.00	2025-06-19 13:00:00+03	\N	75	47	94		18:10:00	\N
54	F2025062500014	2025-07-01	2025-07-04	13500.00	2025-06-25 20:57:46.273891+03	\N	77	70	97	-	16:00:00	receipts/receipt_F2025062500014.txt
55	F2025062600015	2025-07-01	2025-07-04	6000.00	2025-06-26 17:19:24.650943+03	\N	79	42	93	а	20:20:00	
57	F2025062600017	2025-07-01	2025-07-04	10500.00	2025-06-26 17:31:54.627516+03	\N	81	48	88	авава	18:32:00	receipts/receipt_F2025062600017.txt
58	F2025062600018	2025-07-01	2025-07-04	11400.00	2025-06-26 17:40:27.744817+03	\N	82	49	89	ава	20:43:00	
59	F2025062600019	2025-07-01	2025-07-04	11400.00	2025-06-26 17:40:44.548105+03	\N	83	50	89	ава	20:43:00	receipts/receipt_F2025062600019.txt
60	F2025062600020	2025-07-01	2025-07-04	17400.00	2025-06-26 17:43:59.884328+03	\N	84	54	83	f	17:46:00	receipts/receipt_F2025062600020.txt
\.


--
-- Data for Name: account_order_conveniences; Type: TABLE DATA; Schema: public; Owner: postgres
--

COPY public.account_order_conveniences (id, order_id, conveniences_id) FROM stdin;
\.


--
-- Data for Name: account_profile; Type: TABLE DATA; Schema: public; Owner: postgres
--

COPY public.account_profile (id, first_name, second_name, phone_number, date_of_birth, email, created_at, deleted_at, user_id, role_id, is_guest, email_confirmed) FROM stdin;
80	Сергей	Коваленко	+79518393451	\N	danil.cowalenko.2004@gmail.com	2025-06-26 17:24:52.865348+03	\N	\N	37	t	f
81	Сергей	Коваленко	+79518393451	\N	danil.cowalenko.2004@gmail.com	2025-06-26 17:31:54.623421+03	\N	\N	37	t	f
82	Сергей	Коваленко	+79518393451	\N	danil.cowalenko.2004@gmail.com	2025-06-26 17:40:27.741912+03	\N	\N	37	t	f
83	Сергей	Коваленко	+79518393451	\N	danil.cowalenko.2004@gmail.com	2025-06-26 17:40:44.546462+03	\N	\N	37	t	f
84	Сергей	Коваленко	+79518393451	\N	danil.cowalenko.2004@gmail.com	2025-06-26 17:43:59.881803+03	\N	\N	37	t	f
62	Данил	Коваленко	89518393450	2004-06-28	danil_kovalenko_20041@mail.ru	2025-06-22 16:42:36.71677+03	\N	1	38	f	f
85	Данил	Коваленко	89518393450	\N	danil.cowalenko.2004@gmail.com	2025-06-27 20:08:22.274382+03	\N	33	39	f	t
86	Данил	Коваленко	+79518393450	\N	danil_kovalenko_20041@mail.ru	2026-01-10 21:37:37.282093+03	\N	\N	37	t	f
75	Ангелина	Коваленко	89515392608	2025-06-03	kovalenko.dss@gs.donstu.ru	2025-06-24 03:53:29.391814+03	\N	29	39	f	t
57	Иван	Иванов	89001234567	1995-05-10	ivan@example.com	2025-06-18 20:29:45.039943+03	\N	2	39	f	f
58	Анна	Смирнова	89111234567	1990-02-20	anna@example.com	2025-06-18 20:29:45.039943+03	\N	3	39	f	f
59	Гость	Петров	89999887766	1985-01-01	guest1@example.com	2025-06-18 20:29:45.039943+03	\N	\N	37	t	f
60	Гостья	Кузнецова	89991112233	1980-04-14	guest2@example.com	2025-06-18 20:29:45.039943+03	\N	\N	37	t	f
77	Надежда	Коваленко	+79604649653	1979-11-04	nadejda.cowalenko2011@yandex.ru	2025-06-25 20:48:58.676985+03	\N	31	39	f	t
79	Сергей	Коваленко	+79518393451	\N	danil.cowalenko.2004@gmail.com	2025-06-26 17:19:24.646084+03	\N	\N	37	t	f
\.


--
-- Data for Name: account_role; Type: TABLE DATA; Schema: public; Owner: postgres
--

COPY public.account_role (id, name, created_at, deleted_at) FROM stdin;
37	Гость	2025-06-18 20:10:00.282465+03	\N
38	Администратор	2025-06-18 20:10:00.282465+03	\N
39	Пользователь	2025-06-18 20:10:00.282465+03	\N
\.


--
-- Data for Name: account_room; Type: TABLE DATA; Schema: public; Owner: postgres
--

COPY public.account_room (id, number, room_type_id) FROM stdin;
42	1	11
43	2	11
44	3	11
45	4	10
46	5	10
47	6	10
48	7	9
49	8	9
50	9	9
51	10	8
52	11	8
53	12	8
54	13	7
55	14	7
56	15	7
57	16	6
58	17	6
59	18	6
60	19	5
61	20	5
62	21	5
63	22	4
64	23	5
65	24	4
66	25	4
67	26	3
68	27	3
69	28	3
70	29	12
71	30	12
72	31	12
\.


--
-- Data for Name: account_roomtype; Type: TABLE DATA; Schema: public; Owner: postgres
--

COPY public.account_roomtype (id, name, description, capacity, main_image) FROM stdin;
11	Комфорт	Комфортный номер с удобствами.	2	room_types/xfnc56wav1a5jw9xpoe04sw6w1bgi7gf.jpg
10	Студия	Современная студия для двоих.	2	room_types/07120513.jpg
9	Делюкс с видом	Номер с потрясающим видом и балконом.	3	room_types/0ty5p6iydj69v29i52sjyn1iajocdrow.jpg
8	Эконом	Бюджетный вариант для одного.	1	room_types/3so6yxy7llvsa53gp646fvtj2c9pqpz0.jpg
7	Апартаменты	Полноценные апартаменты с кухней.	5	room_types/o582hxpe67rdvprfx0q23chun2iyv7vl.jpg
5	Полулюкс	Комфортный полулюкс с видом.	2	room_types/o4hapeidofr0vx8wxjn37ghzdi7znp2f.jpg
3	Стандарт	Уютный стандартный номер.	2	room_types/qlx4m3ve3dorasl6m864ff5681a5qje8.jpg
12	Люкс семейный	Люкс для семьи с питомцами.	4	room_types/xo3miy0qlpswxtm36ri75fhqr7l8s61j.jpg
4	Люкс	Просторный люкс с мини-баром.	3	room_types/slysoo00ujtlf2o9dscf4ar81jvypv19.jpg
6	Семейный	Номер для всей семьи.	4	room_types/g7g5lppff0ytp6thb3yw20w2gos2s8sd.jpg
\.


--
-- Data for Name: account_roomtype_conveniences; Type: TABLE DATA; Schema: public; Owner: postgres
--

COPY public.account_roomtype_conveniences (id, roomtype_id, conveniences_id) FROM stdin;
9	5	57
10	5	58
11	5	61
12	5	65
14	6	57
15	6	58
16	6	65
17	6	69
18	6	70
27	8	57
28	9	57
29	9	58
30	9	61
32	10	57
33	10	58
34	10	65
35	10	66
36	10	75
46	12	59
50	11	60
51	7	74
52	3	64
53	3	65
54	3	66
55	3	67
56	3	69
57	3	74
58	3	57
59	3	58
60	11	65
61	11	66
62	11	67
63	11	68
64	11	69
65	11	70
66	11	71
67	11	73
68	11	74
69	11	57
70	11	58
71	11	61
72	11	63
73	10	74
74	10	67
75	10	69
76	9	64
77	9	65
78	9	66
79	9	67
80	9	68
81	9	69
82	9	70
83	9	71
84	9	72
85	9	73
86	9	74
87	9	75
88	9	59
89	9	60
90	9	63
91	8	66
92	8	67
93	8	69
94	8	74
95	8	58
96	7	64
97	7	65
98	7	66
99	7	67
100	7	68
101	7	69
102	7	70
103	7	71
104	7	72
105	7	73
106	7	75
107	7	57
108	7	58
109	7	59
110	7	60
111	7	61
112	7	63
113	6	67
114	6	68
115	6	71
116	6	74
117	6	60
118	6	61
120	5	64
121	5	66
122	5	67
123	5	68
124	5	69
125	5	70
126	5	71
127	5	74
128	5	59
129	5	60
130	5	62
131	5	63
132	4	57
133	4	58
134	4	59
135	4	60
136	4	61
137	4	62
140	4	65
141	4	66
142	4	67
143	4	68
144	4	69
145	4	70
147	4	72
148	4	73
149	4	74
150	4	75
151	3	70
152	3	75
153	3	60
154	3	62
155	12	64
156	12	65
157	12	66
158	12	67
159	12	68
160	12	69
161	12	70
162	12	71
163	12	72
164	12	73
165	12	74
166	12	75
167	12	57
168	12	58
169	12	60
170	12	61
171	12	62
172	12	63
\.


--
-- Data for Name: account_roomtypeimage; Type: TABLE DATA; Schema: public; Owner: postgres
--

COPY public.account_roomtypeimage (id, image, room_type_id) FROM stdin;
1	room_types/room_type_12/5l7unpho8o23iys0gzmdz5ibxvxkyzna.jpg	12
2	room_types/room_type_12/jzmh4rxxr71k47bknb35mg7uu44zxcb4.jpg	12
3	room_types/room_type_12/nvteybgt7zxwa6bqvils06wzyi0jgp8a.jpg	12
4	room_types/room_type_12/p5dluw099flprb9g7zwh25vuccetqqd5.jpg	12
5	room_types/room_type_12/u0vtc6febqq8asq0hk9up45xtibxj6hm.jpg	12
6	room_types/room_type_11/ny3ob74769btqtz9gu2oteoppqligdbi.jpg	11
7	room_types/room_type_11/490heihra4edpx92azovjkvij8k4pke1.jpg	11
8	room_types/room_type_11/qlx4m3ve3dorasl6m864ff5681a5qje8.jpg	11
9	room_types/room_type_11/wzi1g45wdd2uxozhmyykwgjehq74lb6t.jpg	11
10	room_types/room_type_11/lyuh0vdpn64uyxh42moq5zlv5oe21r5h.jpg	11
11	room_types/room_type_5/s3phs0tqkioty4vbj1zgtrmrqq8ns9xn.webp	5
12	room_types/room_type_5/iynrfe3qtofrfbf2oyuiwhg4tnev8k46.jpg	5
13	room_types/room_type_5/edtew21clqc2ifqgwlmpqkqpdm8val7e.webp	5
14	room_types/room_type_5/8amc5fuyyuqs90xdjzckki2ez5lp0kor.webp	5
15	room_types/room_type_6/jnivp28yhtdlet5fx7h69hl15ymymyuo.jpg	6
16	room_types/room_type_6/xcux1fhn1wrwgl7d38u61rytnmqeu3fj.jpg	6
17	room_types/room_type_7/9e4muebbm2mwutib1nrqbpnw90zped8c.jpg	7
18	room_types/room_type_7/3ytb33mygf3xeoy7ij7izwbhq3tl0deu.jpg	7
19	room_types/room_type_7/spxk3n7x21m2qfh82ytjzi29t7gqqz2e.jpg	7
20	room_types/room_type_8/bz4ewvxvqc1znvbez0j4a9awkkia57f3.jpg	8
21	room_types/room_type_8/cuec84pzd9fd63j5e0vyagqfodtbyslu.jpg	8
22	room_types/room_type_8/md1yfrnty4ot4fpd16jule4joskrghrw.jpg	8
23	room_types/room_type_8/r36isglako6z4698bw406h81ra0uugv5.jpg	8
24	room_types/room_type_8/w835sk1locsjxwu23f0jka3edzic526h.jpg	8
25	room_types/room_type_9/2dgpotw1j6izrkpntt3gujiisu9p94kp.jpg	9
26	room_types/room_type_9/3gwi0xm6s263uaehtrhclyx487s8agy6.jpg	9
27	room_types/room_type_9/6j369gnv0pocu2fkflamuvp1yml9s028.jpg	9
28	room_types/room_type_9/ab6vomsexke8fbicmp0vm32r1rbktfin.jpg	9
29	room_types/room_type_9/ftx7zks3zk2yb2awfxv8whkm4ttdzubx.jpg	9
30	room_types/room_type_9/oy0v66qynfa7cg2ro42x1z7tuxoype6n.jpg	9
31	room_types/room_type_9/zhrt62o6ldz5ndnbtgxzezvzq6zmt823.jpg	9
32	room_types/room_type_10/28701027.jpg	10
33	room_types/room_type_10/29079949.jpg	10
34	room_types/room_type_10/37132030.jpg	10
35	room_types/room_type_10/56805316.jpg	10
36	room_types/room_type_10/65906057.jpg	10
37	room_types/room_type_10/85658487.jpg	10
38	room_types/room_type_10/92621986.jpg	10
39	room_types/room_type_3/xfnc56wav1a5jw9xpoe04sw6w1bgi7gf.jpg	3
40	room_types/room_type_3/490heihra4edpx92azovjkvij8k4pke1.jpg	3
41	room_types/room_type_3/6mksntmj55q0jhdqgi3t0l0h5iua5u3x.jpg	3
42	room_types/room_type_3/lyuh0vdpn64uyxh42moq5zlv5oe21r5h.jpg	3
43	room_types/room_type_4/bhpwnm9vlvjihiktuyxcb8fmzgt47425.jpg	4
44	room_types/room_type_4/velptl7clyy6x6wkswckoaj6opi3qbs3.jpg	4
45	room_types/room_type_4/thkupaz4do1k9zk0ew2a6wt410ip10qc.jpg	4
\.


--
-- Data for Name: account_tariff; Type: TABLE DATA; Schema: public; Owner: postgres
--

COPY public.account_tariff (id, title, price_per_night, includes_breakfast, cancellation, room_type_id, bed_type) FROM stdin;
75	Базовый тариф	2000.00	f	Отмена за 1 день	5	double
76	Тариф с завтраком	2500.00	t	Отмена за 2 дня	5	double
77	Премиум тариф, предоплата	2800.00	t	Без отмены	5	double
84	Базовый тариф	1000.00	f	Отмена за 1 день	8	double
85	Тариф с завтраком	1500.00	t	Отмена за 2 дня	8	double
86	Премиум тариф, предоплата	1800.00	t	Без отмены	8	double
90	Базовый тариф	2000.00	f	Отмена за 1 день	10	double
91	Тариф с завтраком	2500.00	t	Отмена за 2 дня	10	double
92	Премиум тариф, предоплата	2800.00	t	Без отмены	10	double
93	Базовый тариф	2000.00	f	Отмена за 1 день	11	double
94	Тариф с завтраком	2500.00	t	Отмена за 2 дня	11	double
95	Премиум тариф, предоплата	2800.00	t	Без отмены	11	double
96	Базовый тариф	4000.00	f	Отмена за 1 день	12	double
97	Тариф с завтраком	4500.00	t	Отмена за 2 дня	12	double
98	Премиум тариф, предоплата	4800.00	t	Без отмены	12	double
69	Базовый тариф	2000.00	f	Отмена за 1 день	3	single_two
70	Тариф с завтраком	2500.00	t	Отмена за 2 дня	3	single_two
71	Премиум тариф, предоплата	2800.00	t	Без отмены	3	single_two
72	Базовый тариф	3000.00	f	Отмена за 1 день	4	queen
73	Тариф с завтраком	3500.00	t	Отмена за 2 дня	4	queen
74	Премиум тариф, предоплата	3800.00	t	Без отмены	4	queen
78	Базовый тариф	4000.00	f	Отмена за 1 день	6	double
79	Тариф с завтраком	4500.00	t	Отмена за 2 дня	6	double
80	Премиум тариф, предоплата	4800.00	t	Без отмены	6	double
81	Базовый тариф	5000.00	f	Отмена за 1 день	7	king
82	Тариф с завтраком	5500.00	t	Отмена за 2 дня	7	king
83	Премиум тариф, предоплата	5800.00	t	Без отмены	7	king
87	Базовый тариф	3000.00	f	Отмена за 1 день	9	queen
88	Тариф с завтраком	3500.00	t	Отмена за 2 дня	9	queen
89	Премиум тариф, предоплата	3800.00	t	Без отмены	9	queen
\.


--
-- Data for Name: auth_group; Type: TABLE DATA; Schema: public; Owner: postgres
--

COPY public.auth_group (id, name) FROM stdin;
\.


--
-- Data for Name: auth_group_permissions; Type: TABLE DATA; Schema: public; Owner: postgres
--

COPY public.auth_group_permissions (id, group_id, permission_id) FROM stdin;
\.


--
-- Data for Name: auth_permission; Type: TABLE DATA; Schema: public; Owner: postgres
--

COPY public.auth_permission (id, name, content_type_id, codename) FROM stdin;
1	Can add log entry	1	add_logentry
2	Can change log entry	1	change_logentry
3	Can delete log entry	1	delete_logentry
4	Can view log entry	1	view_logentry
5	Can add permission	2	add_permission
6	Can change permission	2	change_permission
7	Can delete permission	2	delete_permission
8	Can view permission	2	view_permission
9	Can add group	3	add_group
10	Can change group	3	change_group
11	Can delete group	3	delete_group
12	Can view group	3	view_group
13	Can add user	4	add_user
14	Can change user	4	change_user
15	Can delete user	4	delete_user
16	Can view user	4	view_user
17	Can add content type	5	add_contenttype
18	Can change content type	5	change_contenttype
19	Can delete content type	5	delete_contenttype
20	Can view content type	5	view_contenttype
21	Can add session	6	add_session
22	Can change session	6	change_session
23	Can delete session	6	delete_session
24	Can view session	6	view_session
25	Can add room image	7	add_roomimage
26	Can change room image	7	change_roomimage
27	Can delete room image	7	delete_roomimage
28	Can view room image	7	view_roomimage
29	Can add conveniences	8	add_conveniences
30	Can change conveniences	8	change_conveniences
31	Can delete conveniences	8	delete_conveniences
32	Can view conveniences	8	view_conveniences
33	Can add room	9	add_room
34	Can change room	9	change_room
35	Can delete room	9	delete_room
36	Can view room	9	view_room
37	Can add tariff	10	add_tariff
38	Can change tariff	10	change_tariff
39	Can delete tariff	10	delete_tariff
40	Can view tariff	10	view_tariff
41	Can add order	11	add_order
42	Can change order	11	change_order
43	Can delete order	11	delete_order
44	Can view order	11	view_order
45	Can add review	12	add_review
46	Can change review	12	change_review
47	Can delete review	12	delete_review
48	Can view review	12	view_review
49	Can add profile	13	add_profile
50	Can change profile	13	change_profile
51	Can delete profile	13	delete_profile
52	Can view profile	13	view_profile
53	Can add role	14	add_role
54	Can change role	14	change_role
55	Can delete role	14	delete_role
56	Can view role	14	view_role
57	Can add room type	15	add_roomtype
58	Can change room type	15	change_roomtype
59	Can delete room type	15	delete_roomtype
60	Can view room type	15	view_roomtype
61	Can add room type image	16	add_roomtypeimage
62	Can change room type image	16	change_roomtypeimage
63	Can delete room type image	16	delete_roomtypeimage
64	Can view room type image	16	view_roomtypeimage
\.


--
-- Data for Name: auth_user; Type: TABLE DATA; Schema: public; Owner: postgres
--

COPY public.auth_user (id, password, last_login, is_superuser, username, first_name, last_name, email, is_staff, is_active, date_joined) FROM stdin;
31	pbkdf2_sha256$1000000$r4yi3ZsYHAZvm8kTwbzMQ1$203rJlkyJuQoJN9R5qIHE3r+PJEYoIQeHouI6JFVJjU=	2025-06-25 20:51:18.360804+03	f	nadejda.cowalenko2011@yandex.ru	Надежда	Коваленко	nadejda.cowalenko2011@yandex.ru	f	t	2025-06-25 20:48:58.172763+03
1	pbkdf2_sha256$216000$r8u9bdKdnvza$1zodHil74Y6Jb9Dmqy3rcCd7Voo6uUFe3wR3lJg8AKQ=	2025-12-16 16:59:20.395261+03	t	admin			danil_kovalenko_20041@mail.ru	t	t	2025-06-17 19:18:40.788788+03
29	pbkdf2_sha256$600000$ryQf4gvDPbfyneOLW80wQw$5aZl1zsgh0t9i6EVJMhZVkpD/tNcJEZFRmIRPKPZUHs=	2026-01-11 23:34:45.967982+03	f	kovalenko.dss@gs.donstu.ru	Ангелина	Коваленко	kovalenko.dss@gs.donstu.ru	f	t	2025-06-24 03:53:29.059672+03
2	pbkdf2_sha256$...	\N	f	ivanuser	\N	\N	ivan@example.com	f	t	2025-06-18 20:29:45.039943+03
3	pbkdf2_sha256$...	\N	f	annuser	\N	\N	anna@example.com	f	t	2025-06-18 20:29:45.039943+03
33	pbkdf2_sha256$1000000$wJDJg50tDAGLJDSTXtRQmz$Ix+3buWHJ5KOmE8oUA9Eom1i5ErUM8IPEPRgw7a4xws=	2025-06-27 20:08:39.683491+03	f	danil.cowalenko.2004@gmail.com	Данил	Коваленко	danil.cowalenko.2004@gmail.com	f	t	2025-06-27 20:08:21.744933+03
\.


--
-- Data for Name: auth_user_groups; Type: TABLE DATA; Schema: public; Owner: postgres
--

COPY public.auth_user_groups (id, user_id, group_id) FROM stdin;
\.


--
-- Data for Name: auth_user_user_permissions; Type: TABLE DATA; Schema: public; Owner: postgres
--

COPY public.auth_user_user_permissions (id, user_id, permission_id) FROM stdin;
\.


--
-- Data for Name: django_admin_log; Type: TABLE DATA; Schema: public; Owner: postgres
--

COPY public.django_admin_log (id, action_time, object_id, object_repr, action_flag, change_message, content_type_id, user_id) FROM stdin;
1	2025-06-25 15:50:21.871362+03	12	Люкс семейный	2	[{"changed": {"fields": ["Conveniences", "Main image"]}}, {"added": {"name": "room type image", "object": "Image for RoomType \\u041b\\u044e\\u043a\\u0441 \\u0441\\u0435\\u043c\\u0435\\u0439\\u043d\\u044b\\u0439"}}, {"added": {"name": "room type image", "object": "Image for RoomType \\u041b\\u044e\\u043a\\u0441 \\u0441\\u0435\\u043c\\u0435\\u0439\\u043d\\u044b\\u0439"}}, {"added": {"name": "room type image", "object": "Image for RoomType \\u041b\\u044e\\u043a\\u0441 \\u0441\\u0435\\u043c\\u0435\\u0439\\u043d\\u044b\\u0439"}}, {"added": {"name": "room type image", "object": "Image for RoomType \\u041b\\u044e\\u043a\\u0441 \\u0441\\u0435\\u043c\\u0435\\u0439\\u043d\\u044b\\u0439"}}, {"added": {"name": "room type image", "object": "Image for RoomType \\u041b\\u044e\\u043a\\u0441 \\u0441\\u0435\\u043c\\u0435\\u0439\\u043d\\u044b\\u0439"}}]	15	1
2	2025-06-25 15:56:32.114173+03	11	Комфорт	2	[{"changed": {"fields": ["Conveniences", "Main image"]}}, {"added": {"name": "room type image", "object": "Image for RoomType \\u041a\\u043e\\u043c\\u0444\\u043e\\u0440\\u0442"}}, {"added": {"name": "room type image", "object": "Image for RoomType \\u041a\\u043e\\u043c\\u0444\\u043e\\u0440\\u0442"}}, {"added": {"name": "room type image", "object": "Image for RoomType \\u041a\\u043e\\u043c\\u0444\\u043e\\u0440\\u0442"}}, {"added": {"name": "room type image", "object": "Image for RoomType \\u041a\\u043e\\u043c\\u0444\\u043e\\u0440\\u0442"}}, {"added": {"name": "room type image", "object": "Image for RoomType \\u041a\\u043e\\u043c\\u0444\\u043e\\u0440\\u0442"}}]	15	1
3	2025-06-25 15:58:26.632158+03	5	Полулюкс	2	[{"changed": {"fields": ["Main image"]}}, {"added": {"name": "room type image", "object": "Image for RoomType \\u041f\\u043e\\u043b\\u0443\\u043b\\u044e\\u043a\\u0441"}}, {"added": {"name": "room type image", "object": "Image for RoomType \\u041f\\u043e\\u043b\\u0443\\u043b\\u044e\\u043a\\u0441"}}, {"added": {"name": "room type image", "object": "Image for RoomType \\u041f\\u043e\\u043b\\u0443\\u043b\\u044e\\u043a\\u0441"}}, {"added": {"name": "room type image", "object": "Image for RoomType \\u041f\\u043e\\u043b\\u0443\\u043b\\u044e\\u043a\\u0441"}}]	15	1
4	2025-06-25 16:00:03.577966+03	6	Семейный	2	[{"changed": {"fields": ["Main image"]}}, {"added": {"name": "room type image", "object": "Image for RoomType \\u0421\\u0435\\u043c\\u0435\\u0439\\u043d\\u044b\\u0439"}}, {"added": {"name": "room type image", "object": "Image for RoomType \\u0421\\u0435\\u043c\\u0435\\u0439\\u043d\\u044b\\u0439"}}]	15	1
5	2025-06-25 16:01:11.121479+03	7	Апартаменты	2	[{"changed": {"fields": ["Conveniences", "Main image"]}}, {"added": {"name": "room type image", "object": "Image for RoomType \\u0410\\u043f\\u0430\\u0440\\u0442\\u0430\\u043c\\u0435\\u043d\\u0442\\u044b"}}, {"added": {"name": "room type image", "object": "Image for RoomType \\u0410\\u043f\\u0430\\u0440\\u0442\\u0430\\u043c\\u0435\\u043d\\u0442\\u044b"}}, {"added": {"name": "room type image", "object": "Image for RoomType \\u0410\\u043f\\u0430\\u0440\\u0442\\u0430\\u043c\\u0435\\u043d\\u0442\\u044b"}}]	15	1
6	2025-06-25 16:03:20.50513+03	8	Эконом	2	[{"changed": {"fields": ["Main image"]}}, {"added": {"name": "room type image", "object": "Image for RoomType \\u042d\\u043a\\u043e\\u043d\\u043e\\u043c"}}, {"added": {"name": "room type image", "object": "Image for RoomType \\u042d\\u043a\\u043e\\u043d\\u043e\\u043c"}}, {"added": {"name": "room type image", "object": "Image for RoomType \\u042d\\u043a\\u043e\\u043d\\u043e\\u043c"}}, {"added": {"name": "room type image", "object": "Image for RoomType \\u042d\\u043a\\u043e\\u043d\\u043e\\u043c"}}, {"added": {"name": "room type image", "object": "Image for RoomType \\u042d\\u043a\\u043e\\u043d\\u043e\\u043c"}}]	15	1
7	2025-06-25 16:05:10.287399+03	9	Делюкс с видом	2	[{"changed": {"fields": ["Main image"]}}, {"added": {"name": "room type image", "object": "Image for RoomType \\u0414\\u0435\\u043b\\u044e\\u043a\\u0441 \\u0441 \\u0432\\u0438\\u0434\\u043e\\u043c"}}, {"added": {"name": "room type image", "object": "Image for RoomType \\u0414\\u0435\\u043b\\u044e\\u043a\\u0441 \\u0441 \\u0432\\u0438\\u0434\\u043e\\u043c"}}, {"added": {"name": "room type image", "object": "Image for RoomType \\u0414\\u0435\\u043b\\u044e\\u043a\\u0441 \\u0441 \\u0432\\u0438\\u0434\\u043e\\u043c"}}, {"added": {"name": "room type image", "object": "Image for RoomType \\u0414\\u0435\\u043b\\u044e\\u043a\\u0441 \\u0441 \\u0432\\u0438\\u0434\\u043e\\u043c"}}, {"added": {"name": "room type image", "object": "Image for RoomType \\u0414\\u0435\\u043b\\u044e\\u043a\\u0441 \\u0441 \\u0432\\u0438\\u0434\\u043e\\u043c"}}, {"added": {"name": "room type image", "object": "Image for RoomType \\u0414\\u0435\\u043b\\u044e\\u043a\\u0441 \\u0441 \\u0432\\u0438\\u0434\\u043e\\u043c"}}, {"added": {"name": "room type image", "object": "Image for RoomType \\u0414\\u0435\\u043b\\u044e\\u043a\\u0441 \\u0441 \\u0432\\u0438\\u0434\\u043e\\u043c"}}]	15	1
8	2025-06-25 16:08:15.244562+03	10	Студия	2	[{"changed": {"fields": ["Main image"]}}, {"added": {"name": "room type image", "object": "Image for RoomType \\u0421\\u0442\\u0443\\u0434\\u0438\\u044f"}}, {"added": {"name": "room type image", "object": "Image for RoomType \\u0421\\u0442\\u0443\\u0434\\u0438\\u044f"}}, {"added": {"name": "room type image", "object": "Image for RoomType \\u0421\\u0442\\u0443\\u0434\\u0438\\u044f"}}, {"added": {"name": "room type image", "object": "Image for RoomType \\u0421\\u0442\\u0443\\u0434\\u0438\\u044f"}}, {"added": {"name": "room type image", "object": "Image for RoomType \\u0421\\u0442\\u0443\\u0434\\u0438\\u044f"}}, {"added": {"name": "room type image", "object": "Image for RoomType \\u0421\\u0442\\u0443\\u0434\\u0438\\u044f"}}, {"added": {"name": "room type image", "object": "Image for RoomType \\u0421\\u0442\\u0443\\u0434\\u0438\\u044f"}}]	15	1
9	2025-06-25 16:10:07.922205+03	3	Стандарт	2	[{"changed": {"fields": ["Main image"]}}, {"added": {"name": "room type image", "object": "Image for RoomType \\u0421\\u0442\\u0430\\u043d\\u0434\\u0430\\u0440\\u0442"}}, {"added": {"name": "room type image", "object": "Image for RoomType \\u0421\\u0442\\u0430\\u043d\\u0434\\u0430\\u0440\\u0442"}}, {"added": {"name": "room type image", "object": "Image for RoomType \\u0421\\u0442\\u0430\\u043d\\u0434\\u0430\\u0440\\u0442"}}, {"added": {"name": "room type image", "object": "Image for RoomType \\u0421\\u0442\\u0430\\u043d\\u0434\\u0430\\u0440\\u0442"}}]	15	1
10	2025-06-25 16:11:19.973995+03	4	Люкс	2	[{"changed": {"fields": ["Main image"]}}, {"added": {"name": "room type image", "object": "Image for RoomType \\u041b\\u044e\\u043a\\u0441"}}, {"added": {"name": "room type image", "object": "Image for RoomType \\u041b\\u044e\\u043a\\u0441"}}, {"added": {"name": "room type image", "object": "Image for RoomType \\u041b\\u044e\\u043a\\u0441"}}]	15	1
11	2025-06-25 16:47:35.792114+03	3	Стандарт	2	[{"changed": {"fields": ["Conveniences"]}}]	15	1
12	2025-06-25 16:47:42.544301+03	3	Стандарт	2	[]	15	1
13	2025-06-25 16:48:18.693165+03	11	Комфорт	2	[{"changed": {"fields": ["Conveniences"]}}]	15	1
14	2025-06-25 16:48:37.950665+03	10	Студия	2	[{"changed": {"fields": ["Conveniences"]}}]	15	1
15	2025-06-25 16:49:03.821302+03	9	Делюкс с видом	2	[{"changed": {"fields": ["Conveniences"]}}]	15	1
16	2025-06-25 16:49:29.388978+03	8	Эконом	2	[{"changed": {"fields": ["Conveniences"]}}]	15	1
17	2025-06-25 16:49:54.756862+03	7	Апартаменты	2	[{"changed": {"fields": ["Conveniences"]}}]	15	1
18	2025-06-25 16:50:08.827705+03	6	Семейный	2	[{"changed": {"fields": ["Conveniences"]}}]	15	1
19	2025-06-25 16:50:42.43075+03	5	Полулюкс	2	[{"changed": {"fields": ["Conveniences"]}}]	15	1
20	2025-06-25 16:50:57.613405+03	4	Люкс	2	[{"changed": {"fields": ["Conveniences"]}}]	15	1
21	2025-06-25 16:51:13.495503+03	3	Стандарт	2	[{"changed": {"fields": ["Conveniences"]}}]	15	1
22	2025-06-25 16:51:57.406776+03	12	Люкс семейный	2	[{"changed": {"fields": ["Conveniences"]}}]	15	1
23	2025-06-25 17:18:03.413299+03	42	Комната №1 — Комфорт	1	[{"added": {}}]	9	1
24	2025-06-25 17:18:07.138462+03	43	Комната №2 — Комфорт	1	[{"added": {}}]	9	1
25	2025-06-25 17:18:09.391084+03	44	Комната №3 — Комфорт	1	[{"added": {}}]	9	1
26	2025-06-25 17:18:15.73392+03	45	Комната №4 — Студия	1	[{"added": {}}]	9	1
27	2025-06-25 17:18:18.518586+03	46	Комната №5 — Студия	1	[{"added": {}}]	9	1
28	2025-06-25 17:18:21.107038+03	47	Комната №6 — Студия	1	[{"added": {}}]	9	1
29	2025-06-25 17:18:24.466685+03	48	Комната №7 — Делюкс с видом	1	[{"added": {}}]	9	1
30	2025-06-25 17:18:26.992552+03	49	Комната №8 — Делюкс с видом	1	[{"added": {}}]	9	1
31	2025-06-25 17:18:29.583537+03	50	Комната №9 — Делюкс с видом	1	[{"added": {}}]	9	1
32	2025-06-25 17:18:33.90881+03	51	Комната №10 — Эконом	1	[{"added": {}}]	9	1
33	2025-06-25 17:18:36.502524+03	52	Комната №11 — Эконом	1	[{"added": {}}]	9	1
34	2025-06-25 17:18:39.376267+03	53	Комната №12 — Эконом	1	[{"added": {}}]	9	1
35	2025-06-25 17:18:43.539964+03	54	Комната №13 — Апартаменты	1	[{"added": {}}]	9	1
36	2025-06-25 17:18:46.216152+03	55	Комната №14 — Апартаменты	1	[{"added": {}}]	9	1
37	2025-06-25 17:18:49.295619+03	56	Комната №15 — Апартаменты	1	[{"added": {}}]	9	1
38	2025-06-25 17:18:51.847744+03	57	Комната №16 — Семейный	1	[{"added": {}}]	9	1
39	2025-06-25 17:18:58.283069+03	58	Комната №17 — Семейный	1	[{"added": {}}]	9	1
40	2025-06-25 17:19:01.174182+03	59	Комната №18 — Семейный	1	[{"added": {}}]	9	1
41	2025-06-25 17:19:04.72683+03	60	Комната №19 — Полулюкс	1	[{"added": {}}]	9	1
42	2025-06-25 17:19:07.731541+03	61	Комната №20 — Полулюкс	1	[{"added": {}}]	9	1
43	2025-06-25 17:19:10.337413+03	62	Комната №21 — Полулюкс	1	[{"added": {}}]	9	1
44	2025-06-25 17:19:13.008524+03	63	Комната №22 — Люкс	1	[{"added": {}}]	9	1
45	2025-06-25 17:19:31.569182+03	64	Комната №23 — Полулюкс	1	[{"added": {}}]	9	1
46	2025-06-25 17:19:38.790243+03	65	Комната №24 — Люкс	1	[{"added": {}}]	9	1
47	2025-06-25 17:19:54.6611+03	66	Комната №25 — Люкс	1	[{"added": {}}]	9	1
48	2025-06-25 17:19:57.943324+03	67	Комната №26 — Стандарт	1	[{"added": {}}]	9	1
49	2025-06-25 17:20:01.158562+03	68	Комната №27 — Стандарт	1	[{"added": {}}]	9	1
50	2025-06-25 17:20:05.386501+03	69	Комната №28 — Стандарт	1	[{"added": {}}]	9	1
51	2025-06-25 17:20:08.919049+03	70	Комната №29 — Люкс семейный	1	[{"added": {}}]	9	1
52	2025-06-25 17:20:12.327999+03	71	Комната №30 — Люкс семейный	1	[{"added": {}}]	9	1
53	2025-06-25 17:20:15.277145+03	72	Комната №31 — Люкс семейный	1	[{"added": {}}]	9	1
54	2025-06-25 18:38:58.786088+03	4	Люкс	2	[{"changed": {"fields": ["Conveniences"]}}]	15	1
55	2025-06-25 18:39:24.435836+03	6	Семейный	2	[{"changed": {"fields": ["Conveniences"]}}]	15	1
\.


--
-- Data for Name: django_content_type; Type: TABLE DATA; Schema: public; Owner: postgres
--

COPY public.django_content_type (id, app_label, model) FROM stdin;
1	admin	logentry
2	auth	permission
3	auth	group
4	auth	user
5	contenttypes	contenttype
6	sessions	session
7	account	roomimage
8	account	conveniences
9	account	room
10	account	tariff
11	account	order
12	account	review
13	account	profile
14	account	role
15	account	roomtype
16	account	roomtypeimage
\.


--
-- Data for Name: django_migrations; Type: TABLE DATA; Schema: public; Owner: postgres
--

COPY public.django_migrations (id, app, name, applied) FROM stdin;
1	contenttypes	0001_initial	2025-06-16 15:33:42.958601+03
2	auth	0001_initial	2025-06-16 15:33:42.994043+03
3	admin	0001_initial	2025-06-16 15:33:43.005931+03
4	admin	0002_logentry_remove_auto_add	2025-06-16 15:33:43.009393+03
5	admin	0003_logentry_add_action_flag_choices	2025-06-16 15:33:43.012669+03
6	contenttypes	0002_remove_content_type_name	2025-06-16 15:33:43.020335+03
7	auth	0002_alter_permission_name_max_length	2025-06-16 15:33:43.024178+03
8	auth	0003_alter_user_email_max_length	2025-06-16 15:33:43.027937+03
9	auth	0004_alter_user_username_opts	2025-06-16 15:33:43.030986+03
10	auth	0005_alter_user_last_login_null	2025-06-16 15:33:43.035907+03
11	auth	0006_require_contenttypes_0002	2025-06-16 15:33:43.036785+03
12	auth	0007_alter_validators_add_error_messages	2025-06-16 15:33:43.040069+03
13	auth	0008_alter_user_username_max_length	2025-06-16 15:33:43.046054+03
14	auth	0009_alter_user_last_name_max_length	2025-06-16 15:33:43.049887+03
15	auth	0010_alter_group_name_max_length	2025-06-16 15:33:43.054758+03
16	auth	0011_update_proxy_permissions	2025-06-16 15:33:43.058165+03
17	auth	0012_alter_user_first_name_max_length	2025-06-16 15:33:43.061972+03
18	sessions	0001_initial	2025-06-16 15:33:43.066664+03
19	account	0001_initial	2025-06-17 19:14:30.712298+03
20	account	0002_alter_profile_email	2025-06-18 20:05:34.52907+03
21	account	0003_alter_conveniences_name_alter_room_name	2025-06-18 20:09:35.850263+03
22	account	0004_alter_profile_user	2025-06-18 20:16:25.467195+03
23	account	0005_profile_is_guest	2025-06-18 20:17:31.719665+03
24	account	0006_remove_order_conveniences	2025-06-18 20:33:14.739746+03
25	account	0007_order_conveniences	2025-06-18 20:33:48.872811+03
26	account	0008_order_wishes	2025-06-22 15:49:11.948509+03
27	account	0009_order_arrival_time	2025-06-22 17:22:44.467456+03
28	account	0010_remove_room_capacity_remove_room_conveniences_and_more	2025-06-23 18:48:35.929169+03
29	account	0011_alter_room_room_type_alter_roomtypeimage_room_type_and_more	2025-06-23 18:48:35.960125+03
30	account	0012_alter_room_number	2025-06-23 18:48:35.96565+03
31	account	0013_alter_room_unique_together	2025-06-23 18:51:00.339938+03
32	account	0014_alter_room_unique_together	2025-06-23 18:51:00.350003+03
33	account	0015_alter_profile_email_alter_profile_first_name_and_more	2025-06-24 02:06:33.241175+03
34	account	0016_profile_email_confirmed	2025-06-24 02:45:23.730782+03
35	account	0017_conveniences_icon	2025-06-24 04:15:13.237178+03
36	account	0018_remove_tariff_max_guests_tariff_bed_type_and_more	2025-06-24 04:43:28.055583+03
37	account	0019_order_is_paid_order_receipt_file	2025-06-25 17:34:24.677977+03
38	account	0020_remove_order_is_paid	2025-06-25 17:37:11.753012+03
41	account	0021_alter_profile_phone_number_alter_tariff_cancellation_and_more	2026-01-12 02:22:48.157143+03
42	account	0022_alter_conveniences_name_alter_profile_email_and_more	2026-01-12 02:23:04.326772+03
\.


--
-- Data for Name: django_session; Type: TABLE DATA; Schema: public; Owner: postgres
--

COPY public.django_session (session_key, session_data, expire_date) FROM stdin;
yciykuoouy0fgjh5ws9v9ao73tikol35	e30:1uTpMn:SjkViZiSYbgUfrPqGoemOy5oh78duEjdsqHkW15iFWg	2025-07-08 01:10:17.960653+03
clf6v81q5eojbzge1akfx5884irm42g9	e30:1uTrhy:-d3WAWg2GNO0daRzE7WuSjNFwJL8tMpmTIeVsjWpG9E	2025-07-08 03:40:18.425582+03
w7cm8ech0g7547g959ciag4gdp78rseh	.eJxVjDsOwyAQRO9CHSEvX5Myvc-AWBaCkwgkY1dR7h5bcpE0U8x7M2_mw7YWv_W0-JnYlQnHLr8lhvhM9SD0CPXeeGx1XWbkh8JP2vnUKL1up_t3UEIv-xpUgGgAwQkTlZQZxKiHNJIMGTVYHMhZp6XdgyShNuQURFSZhAVr2ecL6_g3UQ:1uVYx6:Bw2qNzM8JLwbnEa-vs2f6T-sREF6TQJarwyTWnEciY4	2025-07-12 20:02:56.167156+03
lp1lum3tcuhszjst0xdg53ssh35klp7t	.eJxVjDsOwyAQRO9CHSEvX5Myvc-AWBaCkwgkY1dR7h5bcpE0U8x7M2_mw7YWv_W0-JnYlQnHLr8lhvhM9SD0CPXeeGx1XWbkh8JP2vnUKL1up_t3UEIv-xpUgGgAwQkTlZQZxKiHNJIMGTVYHMhZp6XdgyShNuQURFSZhAVr2ecL6_g3UQ:1uiyPk:aqLZKDnE6OyFCzcQGa8JleGfodovX09lRlt_tVsBeEA	2025-08-18 19:51:56.405838+03
nvl65hpqibsjmmlpn2utci70kzreooks	.eJxVjDsOwyAQRO9CHSEvX5Myvc-AWBaCkwgkY1dR7h5bcpE0U8x7M2_mw7YWv_W0-JnYlQnHLr8lhvhM9SD0CPXeeGx1XWbkh8JP2vnUKL1up_t3UEIv-xpUgGgAwQkTlZQZxKiHNJIMGTVYHMhZp6XdgyShNuQURFSZhAVr2ecL6_g3UQ:1v1R2X:KbtTsMHqgkWqsEZZ3DjrkUHtbqGbMHXLoOmKpTWXz6M	2025-10-08 18:04:17.287677+03
hj021ya3znlxvu2nbzksyml58nu8aj23	.eJxVjLEOAiEQRP-F2hCOFQKW9n4D2WVBTg0kx1118d-V5Aotppn3ZnYRcFtL2HpawsziIrQXp9-SMD5THYQfWO9NxlbXZSY5FHnQLm-N0-t6uH8HBXsZa2tMQkOTQrJJEWitwE4ADJlyItTsvDU2snLRn9l4zN9o5wHRKRDvDxSaOC8:1vVt0n:eUx9Ns4DKVBKFnFvPxkx2ysC5oxzFL6LcIQSFU9jYPI	2025-12-31 18:00:21.521717+03
nsda3n5ofl4jfxi497b1q11jye8sbpgp	.eJxVjLEOAiEQRP-F2hCOFQKW9n4D2WVBTg0kx1118d-V5Aotppn3ZnYRcFtL2HpawsziIrQXp9-SMD5THYQfWO9NxlbXZSY5FHnQLm-N0-t6uH8HBXsZa2tMQkOTQrJJEWitwE4ADJlyItTsvDU2snLRn9l4zN9o5wHRKRDvDxSaOC8:1veep6:5COkoFCol49k3wGpetR-Hi2gJlv1vZTcljah7afh0oc	2026-01-24 22:40:32.27533+03
18ca1akdpwqmz4m7lky8demsz9awfiv3	.eJxVjDsOwyAQBe9CHSFYfnbK9D4DWmAJTiKQjF1FuXtsyUXSvpk3b-ZxW4vfOi1-TuzKYGSX3zFgfFI9SHpgvTceW12XOfBD4SftfGqJXrfT_QsU7GV_iygJxAgSdFBWW-NImZAJ9sQAFjLphJQTyCzAWbIDgnBZOTDZGRfZ5wv9VDfU:1vf297:yXUq_W4C3R0hCtVQAF2KgaYSnggh4sxFPvAJjjkP6qk	2026-01-25 23:34:45.968983+03
\.


--
-- Name: account_conveniences_id_seq; Type: SEQUENCE SET; Schema: public; Owner: postgres
--

SELECT pg_catalog.setval('public.account_conveniences_id_seq', 75, true);


--
-- Name: account_order_conveniences_id_seq; Type: SEQUENCE SET; Schema: public; Owner: postgres
--

SELECT pg_catalog.setval('public.account_order_conveniences_id_seq', 1, false);


--
-- Name: account_order_id_seq; Type: SEQUENCE SET; Schema: public; Owner: postgres
--

SELECT pg_catalog.setval('public.account_order_id_seq', 73, true);


--
-- Name: account_profile_id_seq; Type: SEQUENCE SET; Schema: public; Owner: postgres
--

SELECT pg_catalog.setval('public.account_profile_id_seq', 86, true);


--
-- Name: account_role_id_seq; Type: SEQUENCE SET; Schema: public; Owner: postgres
--

SELECT pg_catalog.setval('public.account_role_id_seq', 87, true);


--
-- Name: account_room_id_seq; Type: SEQUENCE SET; Schema: public; Owner: postgres
--

SELECT pg_catalog.setval('public.account_room_id_seq', 72, true);


--
-- Name: account_roomtype_conveniences_id_seq; Type: SEQUENCE SET; Schema: public; Owner: postgres
--

SELECT pg_catalog.setval('public.account_roomtype_conveniences_id_seq', 172, true);


--
-- Name: account_roomtype_id_seq; Type: SEQUENCE SET; Schema: public; Owner: postgres
--

SELECT pg_catalog.setval('public.account_roomtype_id_seq', 12, true);


--
-- Name: account_roomtypeimage_id_seq; Type: SEQUENCE SET; Schema: public; Owner: postgres
--

SELECT pg_catalog.setval('public.account_roomtypeimage_id_seq', 45, true);


--
-- Name: account_tariff_id_seq; Type: SEQUENCE SET; Schema: public; Owner: postgres
--

SELECT pg_catalog.setval('public.account_tariff_id_seq', 98, true);


--
-- Name: auth_group_id_seq; Type: SEQUENCE SET; Schema: public; Owner: postgres
--

SELECT pg_catalog.setval('public.auth_group_id_seq', 1, false);


--
-- Name: auth_group_permissions_id_seq; Type: SEQUENCE SET; Schema: public; Owner: postgres
--

SELECT pg_catalog.setval('public.auth_group_permissions_id_seq', 1, false);


--
-- Name: auth_permission_id_seq; Type: SEQUENCE SET; Schema: public; Owner: postgres
--

SELECT pg_catalog.setval('public.auth_permission_id_seq', 64, true);


--
-- Name: auth_user_groups_id_seq; Type: SEQUENCE SET; Schema: public; Owner: postgres
--

SELECT pg_catalog.setval('public.auth_user_groups_id_seq', 1, false);


--
-- Name: auth_user_id_seq; Type: SEQUENCE SET; Schema: public; Owner: postgres
--

SELECT pg_catalog.setval('public.auth_user_id_seq', 33, true);


--
-- Name: auth_user_user_permissions_id_seq; Type: SEQUENCE SET; Schema: public; Owner: postgres
--

SELECT pg_catalog.setval('public.auth_user_user_permissions_id_seq', 1, false);


--
-- Name: django_admin_log_id_seq; Type: SEQUENCE SET; Schema: public; Owner: postgres
--

SELECT pg_catalog.setval('public.django_admin_log_id_seq', 55, true);


--
-- Name: django_content_type_id_seq; Type: SEQUENCE SET; Schema: public; Owner: postgres
--

SELECT pg_catalog.setval('public.django_content_type_id_seq', 16, true);


--
-- Name: django_migrations_id_seq; Type: SEQUENCE SET; Schema: public; Owner: postgres
--

SELECT pg_catalog.setval('public.django_migrations_id_seq', 42, true);


--
-- Name: account_conveniences account_conveniences_pkey; Type: CONSTRAINT; Schema: public; Owner: postgres
--

ALTER TABLE ONLY public.account_conveniences
    ADD CONSTRAINT account_conveniences_pkey PRIMARY KEY (id);


--
-- Name: account_order_conveniences account_order_convenienc_order_id_conveniences_id_1e58e1dd_uniq; Type: CONSTRAINT; Schema: public; Owner: postgres
--

ALTER TABLE ONLY public.account_order_conveniences
    ADD CONSTRAINT account_order_convenienc_order_id_conveniences_id_1e58e1dd_uniq UNIQUE (order_id, conveniences_id);


--
-- Name: account_order_conveniences account_order_conveniences_pkey; Type: CONSTRAINT; Schema: public; Owner: postgres
--

ALTER TABLE ONLY public.account_order_conveniences
    ADD CONSTRAINT account_order_conveniences_pkey PRIMARY KEY (id);


--
-- Name: account_order account_order_pkey; Type: CONSTRAINT; Schema: public; Owner: postgres
--

ALTER TABLE ONLY public.account_order
    ADD CONSTRAINT account_order_pkey PRIMARY KEY (id);


--
-- Name: account_profile account_profile_pkey; Type: CONSTRAINT; Schema: public; Owner: postgres
--

ALTER TABLE ONLY public.account_profile
    ADD CONSTRAINT account_profile_pkey PRIMARY KEY (id);


--
-- Name: account_profile account_profile_user_id_key; Type: CONSTRAINT; Schema: public; Owner: postgres
--

ALTER TABLE ONLY public.account_profile
    ADD CONSTRAINT account_profile_user_id_key UNIQUE (user_id);


--
-- Name: account_role account_role_pkey; Type: CONSTRAINT; Schema: public; Owner: postgres
--

ALTER TABLE ONLY public.account_role
    ADD CONSTRAINT account_role_pkey PRIMARY KEY (id);


--
-- Name: account_room account_room_pkey; Type: CONSTRAINT; Schema: public; Owner: postgres
--

ALTER TABLE ONLY public.account_room
    ADD CONSTRAINT account_room_pkey PRIMARY KEY (id);


--
-- Name: account_roomtype_conveniences account_roomtype_conveni_roomtype_id_conveniences_709771de_uniq; Type: CONSTRAINT; Schema: public; Owner: postgres
--

ALTER TABLE ONLY public.account_roomtype_conveniences
    ADD CONSTRAINT account_roomtype_conveni_roomtype_id_conveniences_709771de_uniq UNIQUE (roomtype_id, conveniences_id);


--
-- Name: account_roomtype_conveniences account_roomtype_conveniences_pkey; Type: CONSTRAINT; Schema: public; Owner: postgres
--

ALTER TABLE ONLY public.account_roomtype_conveniences
    ADD CONSTRAINT account_roomtype_conveniences_pkey PRIMARY KEY (id);


--
-- Name: account_roomtype account_roomtype_pkey; Type: CONSTRAINT; Schema: public; Owner: postgres
--

ALTER TABLE ONLY public.account_roomtype
    ADD CONSTRAINT account_roomtype_pkey PRIMARY KEY (id);


--
-- Name: account_roomtypeimage account_roomtypeimage_pkey; Type: CONSTRAINT; Schema: public; Owner: postgres
--

ALTER TABLE ONLY public.account_roomtypeimage
    ADD CONSTRAINT account_roomtypeimage_pkey PRIMARY KEY (id);


--
-- Name: account_tariff account_tariff_pkey; Type: CONSTRAINT; Schema: public; Owner: postgres
--

ALTER TABLE ONLY public.account_tariff
    ADD CONSTRAINT account_tariff_pkey PRIMARY KEY (id);


--
-- Name: auth_group auth_group_name_key; Type: CONSTRAINT; Schema: public; Owner: postgres
--

ALTER TABLE ONLY public.auth_group
    ADD CONSTRAINT auth_group_name_key UNIQUE (name);


--
-- Name: auth_group_permissions auth_group_permissions_group_id_permission_id_0cd325b0_uniq; Type: CONSTRAINT; Schema: public; Owner: postgres
--

ALTER TABLE ONLY public.auth_group_permissions
    ADD CONSTRAINT auth_group_permissions_group_id_permission_id_0cd325b0_uniq UNIQUE (group_id, permission_id);


--
-- Name: auth_group_permissions auth_group_permissions_pkey; Type: CONSTRAINT; Schema: public; Owner: postgres
--

ALTER TABLE ONLY public.auth_group_permissions
    ADD CONSTRAINT auth_group_permissions_pkey PRIMARY KEY (id);


--
-- Name: auth_group auth_group_pkey; Type: CONSTRAINT; Schema: public; Owner: postgres
--

ALTER TABLE ONLY public.auth_group
    ADD CONSTRAINT auth_group_pkey PRIMARY KEY (id);


--
-- Name: auth_permission auth_permission_content_type_id_codename_01ab375a_uniq; Type: CONSTRAINT; Schema: public; Owner: postgres
--

ALTER TABLE ONLY public.auth_permission
    ADD CONSTRAINT auth_permission_content_type_id_codename_01ab375a_uniq UNIQUE (content_type_id, codename);


--
-- Name: auth_permission auth_permission_pkey; Type: CONSTRAINT; Schema: public; Owner: postgres
--

ALTER TABLE ONLY public.auth_permission
    ADD CONSTRAINT auth_permission_pkey PRIMARY KEY (id);


--
-- Name: auth_user_groups auth_user_groups_pkey; Type: CONSTRAINT; Schema: public; Owner: postgres
--

ALTER TABLE ONLY public.auth_user_groups
    ADD CONSTRAINT auth_user_groups_pkey PRIMARY KEY (id);


--
-- Name: auth_user_groups auth_user_groups_user_id_group_id_94350c0c_uniq; Type: CONSTRAINT; Schema: public; Owner: postgres
--

ALTER TABLE ONLY public.auth_user_groups
    ADD CONSTRAINT auth_user_groups_user_id_group_id_94350c0c_uniq UNIQUE (user_id, group_id);


--
-- Name: auth_user auth_user_pkey; Type: CONSTRAINT; Schema: public; Owner: postgres
--

ALTER TABLE ONLY public.auth_user
    ADD CONSTRAINT auth_user_pkey PRIMARY KEY (id);


--
-- Name: auth_user_user_permissions auth_user_user_permissions_pkey; Type: CONSTRAINT; Schema: public; Owner: postgres
--

ALTER TABLE ONLY public.auth_user_user_permissions
    ADD CONSTRAINT auth_user_user_permissions_pkey PRIMARY KEY (id);


--
-- Name: auth_user_user_permissions auth_user_user_permissions_user_id_permission_id_14a6b632_uniq; Type: CONSTRAINT; Schema: public; Owner: postgres
--

ALTER TABLE ONLY public.auth_user_user_permissions
    ADD CONSTRAINT auth_user_user_permissions_user_id_permission_id_14a6b632_uniq UNIQUE (user_id, permission_id);


--
-- Name: auth_user auth_user_username_key; Type: CONSTRAINT; Schema: public; Owner: postgres
--

ALTER TABLE ONLY public.auth_user
    ADD CONSTRAINT auth_user_username_key UNIQUE (username);


--
-- Name: django_admin_log django_admin_log_pkey; Type: CONSTRAINT; Schema: public; Owner: postgres
--

ALTER TABLE ONLY public.django_admin_log
    ADD CONSTRAINT django_admin_log_pkey PRIMARY KEY (id);


--
-- Name: django_content_type django_content_type_app_label_model_76bd3d3b_uniq; Type: CONSTRAINT; Schema: public; Owner: postgres
--

ALTER TABLE ONLY public.django_content_type
    ADD CONSTRAINT django_content_type_app_label_model_76bd3d3b_uniq UNIQUE (app_label, model);


--
-- Name: django_content_type django_content_type_pkey; Type: CONSTRAINT; Schema: public; Owner: postgres
--

ALTER TABLE ONLY public.django_content_type
    ADD CONSTRAINT django_content_type_pkey PRIMARY KEY (id);


--
-- Name: django_migrations django_migrations_pkey; Type: CONSTRAINT; Schema: public; Owner: postgres
--

ALTER TABLE ONLY public.django_migrations
    ADD CONSTRAINT django_migrations_pkey PRIMARY KEY (id);


--
-- Name: django_session django_session_pkey; Type: CONSTRAINT; Schema: public; Owner: postgres
--

ALTER TABLE ONLY public.django_session
    ADD CONSTRAINT django_session_pkey PRIMARY KEY (session_key);


--
-- Name: account_order_conveniences_conveniences_id_eab7629f; Type: INDEX; Schema: public; Owner: postgres
--

CREATE INDEX account_order_conveniences_conveniences_id_eab7629f ON public.account_order_conveniences USING btree (conveniences_id);


--
-- Name: account_order_conveniences_order_id_9a523e38; Type: INDEX; Schema: public; Owner: postgres
--

CREATE INDEX account_order_conveniences_order_id_9a523e38 ON public.account_order_conveniences USING btree (order_id);


--
-- Name: account_order_creator_id_2703ae12; Type: INDEX; Schema: public; Owner: postgres
--

CREATE INDEX account_order_creator_id_2703ae12 ON public.account_order USING btree (creator_id);


--
-- Name: account_order_room_id_6e8800ea; Type: INDEX; Schema: public; Owner: postgres
--

CREATE INDEX account_order_room_id_6e8800ea ON public.account_order USING btree (room_id);


--
-- Name: account_order_tariff_id_dbad26aa; Type: INDEX; Schema: public; Owner: postgres
--

CREATE INDEX account_order_tariff_id_dbad26aa ON public.account_order USING btree (tariff_id);


--
-- Name: account_profile_role_id_35f0431e; Type: INDEX; Schema: public; Owner: postgres
--

CREATE INDEX account_profile_role_id_35f0431e ON public.account_profile USING btree (role_id);


--
-- Name: account_room_room_type_id_b8f6b179; Type: INDEX; Schema: public; Owner: postgres
--

CREATE INDEX account_room_room_type_id_b8f6b179 ON public.account_room USING btree (room_type_id);


--
-- Name: account_roomtype_conveniences_conveniences_id_562559c3; Type: INDEX; Schema: public; Owner: postgres
--

CREATE INDEX account_roomtype_conveniences_conveniences_id_562559c3 ON public.account_roomtype_conveniences USING btree (conveniences_id);


--
-- Name: account_roomtype_conveniences_roomtype_id_1e24b782; Type: INDEX; Schema: public; Owner: postgres
--

CREATE INDEX account_roomtype_conveniences_roomtype_id_1e24b782 ON public.account_roomtype_conveniences USING btree (roomtype_id);


--
-- Name: account_roomtypeimage_room_type_id_c99e8945; Type: INDEX; Schema: public; Owner: postgres
--

CREATE INDEX account_roomtypeimage_room_type_id_c99e8945 ON public.account_roomtypeimage USING btree (room_type_id);


--
-- Name: account_tariff_room_type_id_8949e9d8; Type: INDEX; Schema: public; Owner: postgres
--

CREATE INDEX account_tariff_room_type_id_8949e9d8 ON public.account_tariff USING btree (room_type_id);


--
-- Name: auth_group_name_a6ea08ec_like; Type: INDEX; Schema: public; Owner: postgres
--

CREATE INDEX auth_group_name_a6ea08ec_like ON public.auth_group USING btree (name varchar_pattern_ops);


--
-- Name: auth_group_permissions_group_id_b120cbf9; Type: INDEX; Schema: public; Owner: postgres
--

CREATE INDEX auth_group_permissions_group_id_b120cbf9 ON public.auth_group_permissions USING btree (group_id);


--
-- Name: auth_group_permissions_permission_id_84c5c92e; Type: INDEX; Schema: public; Owner: postgres
--

CREATE INDEX auth_group_permissions_permission_id_84c5c92e ON public.auth_group_permissions USING btree (permission_id);


--
-- Name: auth_permission_content_type_id_2f476e4b; Type: INDEX; Schema: public; Owner: postgres
--

CREATE INDEX auth_permission_content_type_id_2f476e4b ON public.auth_permission USING btree (content_type_id);


--
-- Name: auth_user_groups_group_id_97559544; Type: INDEX; Schema: public; Owner: postgres
--

CREATE INDEX auth_user_groups_group_id_97559544 ON public.auth_user_groups USING btree (group_id);


--
-- Name: auth_user_groups_user_id_6a12ed8b; Type: INDEX; Schema: public; Owner: postgres
--

CREATE INDEX auth_user_groups_user_id_6a12ed8b ON public.auth_user_groups USING btree (user_id);


--
-- Name: auth_user_user_permissions_permission_id_1fbb5f2c; Type: INDEX; Schema: public; Owner: postgres
--

CREATE INDEX auth_user_user_permissions_permission_id_1fbb5f2c ON public.auth_user_user_permissions USING btree (permission_id);


--
-- Name: auth_user_user_permissions_user_id_a95ead1b; Type: INDEX; Schema: public; Owner: postgres
--

CREATE INDEX auth_user_user_permissions_user_id_a95ead1b ON public.auth_user_user_permissions USING btree (user_id);


--
-- Name: auth_user_username_6821ab7c_like; Type: INDEX; Schema: public; Owner: postgres
--

CREATE INDEX auth_user_username_6821ab7c_like ON public.auth_user USING btree (username varchar_pattern_ops);


--
-- Name: django_admin_log_content_type_id_c4bce8eb; Type: INDEX; Schema: public; Owner: postgres
--

CREATE INDEX django_admin_log_content_type_id_c4bce8eb ON public.django_admin_log USING btree (content_type_id);


--
-- Name: django_admin_log_user_id_c564eba6; Type: INDEX; Schema: public; Owner: postgres
--

CREATE INDEX django_admin_log_user_id_c564eba6 ON public.django_admin_log USING btree (user_id);


--
-- Name: django_session_expire_date_a5c62663; Type: INDEX; Schema: public; Owner: postgres
--

CREATE INDEX django_session_expire_date_a5c62663 ON public.django_session USING btree (expire_date);


--
-- Name: django_session_session_key_c0390e0f_like; Type: INDEX; Schema: public; Owner: postgres
--

CREATE INDEX django_session_session_key_c0390e0f_like ON public.django_session USING btree (session_key varchar_pattern_ops);


--
-- Name: account_order_conveniences account_order_conven_conveniences_id_eab7629f_fk_account_c; Type: FK CONSTRAINT; Schema: public; Owner: postgres
--

ALTER TABLE ONLY public.account_order_conveniences
    ADD CONSTRAINT account_order_conven_conveniences_id_eab7629f_fk_account_c FOREIGN KEY (conveniences_id) REFERENCES public.account_conveniences(id) DEFERRABLE INITIALLY DEFERRED;


--
-- Name: account_order_conveniences account_order_conven_order_id_9a523e38_fk_account_o; Type: FK CONSTRAINT; Schema: public; Owner: postgres
--

ALTER TABLE ONLY public.account_order_conveniences
    ADD CONSTRAINT account_order_conven_order_id_9a523e38_fk_account_o FOREIGN KEY (order_id) REFERENCES public.account_order(id) DEFERRABLE INITIALLY DEFERRED;


--
-- Name: account_order account_order_creator_id_2703ae12_fk_account_profile_id; Type: FK CONSTRAINT; Schema: public; Owner: postgres
--

ALTER TABLE ONLY public.account_order
    ADD CONSTRAINT account_order_creator_id_2703ae12_fk_account_profile_id FOREIGN KEY (creator_id) REFERENCES public.account_profile(id) DEFERRABLE INITIALLY DEFERRED;


--
-- Name: account_order account_order_room_id_6e8800ea_fk_account_room_id; Type: FK CONSTRAINT; Schema: public; Owner: postgres
--

ALTER TABLE ONLY public.account_order
    ADD CONSTRAINT account_order_room_id_6e8800ea_fk_account_room_id FOREIGN KEY (room_id) REFERENCES public.account_room(id) DEFERRABLE INITIALLY DEFERRED;


--
-- Name: account_order account_order_tariff_id_dbad26aa_fk_account_tariff_id; Type: FK CONSTRAINT; Schema: public; Owner: postgres
--

ALTER TABLE ONLY public.account_order
    ADD CONSTRAINT account_order_tariff_id_dbad26aa_fk_account_tariff_id FOREIGN KEY (tariff_id) REFERENCES public.account_tariff(id) DEFERRABLE INITIALLY DEFERRED;


--
-- Name: account_profile account_profile_role_id_35f0431e_fk_account_role_id; Type: FK CONSTRAINT; Schema: public; Owner: postgres
--

ALTER TABLE ONLY public.account_profile
    ADD CONSTRAINT account_profile_role_id_35f0431e_fk_account_role_id FOREIGN KEY (role_id) REFERENCES public.account_role(id) DEFERRABLE INITIALLY DEFERRED;


--
-- Name: account_profile account_profile_user_id_bdd52018_fk_auth_user_id; Type: FK CONSTRAINT; Schema: public; Owner: postgres
--

ALTER TABLE ONLY public.account_profile
    ADD CONSTRAINT account_profile_user_id_bdd52018_fk_auth_user_id FOREIGN KEY (user_id) REFERENCES public.auth_user(id) DEFERRABLE INITIALLY DEFERRED;


--
-- Name: account_room account_room_room_type_id_b8f6b179_fk_account_roomtype_id; Type: FK CONSTRAINT; Schema: public; Owner: postgres
--

ALTER TABLE ONLY public.account_room
    ADD CONSTRAINT account_room_room_type_id_b8f6b179_fk_account_roomtype_id FOREIGN KEY (room_type_id) REFERENCES public.account_roomtype(id) DEFERRABLE INITIALLY DEFERRED;


--
-- Name: account_roomtype_conveniences account_roomtype_con_conveniences_id_562559c3_fk_account_c; Type: FK CONSTRAINT; Schema: public; Owner: postgres
--

ALTER TABLE ONLY public.account_roomtype_conveniences
    ADD CONSTRAINT account_roomtype_con_conveniences_id_562559c3_fk_account_c FOREIGN KEY (conveniences_id) REFERENCES public.account_conveniences(id) DEFERRABLE INITIALLY DEFERRED;


--
-- Name: account_roomtype_conveniences account_roomtype_con_roomtype_id_1e24b782_fk_account_r; Type: FK CONSTRAINT; Schema: public; Owner: postgres
--

ALTER TABLE ONLY public.account_roomtype_conveniences
    ADD CONSTRAINT account_roomtype_con_roomtype_id_1e24b782_fk_account_r FOREIGN KEY (roomtype_id) REFERENCES public.account_roomtype(id) DEFERRABLE INITIALLY DEFERRED;


--
-- Name: account_roomtypeimage account_roomtypeimag_room_type_id_c99e8945_fk_account_r; Type: FK CONSTRAINT; Schema: public; Owner: postgres
--

ALTER TABLE ONLY public.account_roomtypeimage
    ADD CONSTRAINT account_roomtypeimag_room_type_id_c99e8945_fk_account_r FOREIGN KEY (room_type_id) REFERENCES public.account_roomtype(id) DEFERRABLE INITIALLY DEFERRED;


--
-- Name: account_tariff account_tariff_room_type_id_8949e9d8_fk_account_roomtype_id; Type: FK CONSTRAINT; Schema: public; Owner: postgres
--

ALTER TABLE ONLY public.account_tariff
    ADD CONSTRAINT account_tariff_room_type_id_8949e9d8_fk_account_roomtype_id FOREIGN KEY (room_type_id) REFERENCES public.account_roomtype(id) DEFERRABLE INITIALLY DEFERRED;


--
-- Name: auth_group_permissions auth_group_permissio_permission_id_84c5c92e_fk_auth_perm; Type: FK CONSTRAINT; Schema: public; Owner: postgres
--

ALTER TABLE ONLY public.auth_group_permissions
    ADD CONSTRAINT auth_group_permissio_permission_id_84c5c92e_fk_auth_perm FOREIGN KEY (permission_id) REFERENCES public.auth_permission(id) DEFERRABLE INITIALLY DEFERRED;


--
-- Name: auth_group_permissions auth_group_permissions_group_id_b120cbf9_fk_auth_group_id; Type: FK CONSTRAINT; Schema: public; Owner: postgres
--

ALTER TABLE ONLY public.auth_group_permissions
    ADD CONSTRAINT auth_group_permissions_group_id_b120cbf9_fk_auth_group_id FOREIGN KEY (group_id) REFERENCES public.auth_group(id) DEFERRABLE INITIALLY DEFERRED;


--
-- Name: auth_permission auth_permission_content_type_id_2f476e4b_fk_django_co; Type: FK CONSTRAINT; Schema: public; Owner: postgres
--

ALTER TABLE ONLY public.auth_permission
    ADD CONSTRAINT auth_permission_content_type_id_2f476e4b_fk_django_co FOREIGN KEY (content_type_id) REFERENCES public.django_content_type(id) DEFERRABLE INITIALLY DEFERRED;


--
-- Name: auth_user_groups auth_user_groups_group_id_97559544_fk_auth_group_id; Type: FK CONSTRAINT; Schema: public; Owner: postgres
--

ALTER TABLE ONLY public.auth_user_groups
    ADD CONSTRAINT auth_user_groups_group_id_97559544_fk_auth_group_id FOREIGN KEY (group_id) REFERENCES public.auth_group(id) DEFERRABLE INITIALLY DEFERRED;


--
-- Name: auth_user_groups auth_user_groups_user_id_6a12ed8b_fk_auth_user_id; Type: FK CONSTRAINT; Schema: public; Owner: postgres
--

ALTER TABLE ONLY public.auth_user_groups
    ADD CONSTRAINT auth_user_groups_user_id_6a12ed8b_fk_auth_user_id FOREIGN KEY (user_id) REFERENCES public.auth_user(id) DEFERRABLE INITIALLY DEFERRED;


--
-- Name: auth_user_user_permissions auth_user_user_permi_permission_id_1fbb5f2c_fk_auth_perm; Type: FK CONSTRAINT; Schema: public; Owner: postgres
--

ALTER TABLE ONLY public.auth_user_user_permissions
    ADD CONSTRAINT auth_user_user_permi_permission_id_1fbb5f2c_fk_auth_perm FOREIGN KEY (permission_id) REFERENCES public.auth_permission(id) DEFERRABLE INITIALLY DEFERRED;


--
-- Name: auth_user_user_permissions auth_user_user_permissions_user_id_a95ead1b_fk_auth_user_id; Type: FK CONSTRAINT; Schema: public; Owner: postgres
--

ALTER TABLE ONLY public.auth_user_user_permissions
    ADD CONSTRAINT auth_user_user_permissions_user_id_a95ead1b_fk_auth_user_id FOREIGN KEY (user_id) REFERENCES public.auth_user(id) DEFERRABLE INITIALLY DEFERRED;


--
-- Name: django_admin_log django_admin_log_content_type_id_c4bce8eb_fk_django_co; Type: FK CONSTRAINT; Schema: public; Owner: postgres
--

ALTER TABLE ONLY public.django_admin_log
    ADD CONSTRAINT django_admin_log_content_type_id_c4bce8eb_fk_django_co FOREIGN KEY (content_type_id) REFERENCES public.django_content_type(id) DEFERRABLE INITIALLY DEFERRED;


--
-- Name: django_admin_log django_admin_log_user_id_c564eba6_fk_auth_user_id; Type: FK CONSTRAINT; Schema: public; Owner: postgres
--

ALTER TABLE ONLY public.django_admin_log
    ADD CONSTRAINT django_admin_log_user_id_c564eba6_fk_auth_user_id FOREIGN KEY (user_id) REFERENCES public.auth_user(id) DEFERRABLE INITIALLY DEFERRED;


--
-- PostgreSQL database dump complete
--

